{
  "description": "Advancedprotection",
  "supported_items": [
    "minecraft:iron_helmet",
    "minecraft:iron_chestplate",
    "minecraft:iron_leggings",
    "minecraft:iron_boots",
    "minecraft:diamond_helmet",
    "minecraft:diamond_chestplate",
    "minecraft:diamond_leggings",
    "minecraft:diamond_boots",
    "minecraft:netherite_helmet",
    "minecraft:netherite_chestplate",
    "minecraft:netherite_leggings",
    "minecraft:netherite_boots",
    "minecraft:elytra",
    "minecraft:iron_horse_armor",
    "minecraft:diamond_horse_armor",
    "minecraft:wolf_armor"
  ],
  "weight": 5,
  "max_level": 4,
  "min_cost": {
    "base": 1,
    "per_level_above_first": 10
  },
  "max_cost": {
    "base": 6,
    "per_level_above_first": 10
  },
  "anvil_cost": 1,
  "slots": [
    "any"
  ],
  "exclusive_set": [],
  "effects": {
    "minecraft:damage_protection": [
      {
        "effect": {
          "type": "minecraft:add",
          "value": {
            "type": "minecraft:linear",
            "base": 120,
            "per_level_above_first": 120
          }
        }
      }
    ]
  }
}