{
  "description": "Highgradesharp",
  "supported_items": [
    "minecraft:wooden_sword",
    "minecraft:stone_sword",
    "minecraft:iron_sword",
    "minecraft:diamond_sword",
    "minecraft:netherite_sword",
    "minecraft:golden_sword",
    "minecraft:wooden_axe",
    "minecraft:stone_axe",
    "minecraft:iron_axe",
    "minecraft:diamond_axe",
    "minecraft:netherite_axe",
    "minecraft:golden_axe"
  ],
  "weight": 5,
  "max_level": 5,
  "min_cost": {
    "base": 1,
    "per_level_above_first": 10
  },
  "max_cost": {
    "base": 6,
    "per_level_above_first": 10
  },
  "anvil_cost": 1,
  "slots": [
    "any"
  ],
  "exclusive_set": []
}